,time,title,company,location,job-link,company-link
0,2 weeks ago,Fiction Writing Assistant,Project Growth,Egypt,https://eg.linkedin.com/jobs/view/fiction-writing-assistant-at-project-growth-3860724419?position=1&pageNum=0&refId=VnZVe4PencDdA6gHSRRd%2Bg%3D%3D&trackingId=Qal6ZSz2Lbweo7oQYvt19A%3D%3D&trk=public_jobs_jserp-result_search-card,https://www.linkedin.com/company/our-project-growth?trk=public_jobs_jserp-result_job-search-card-subtitle
1,2 weeks ago,Fiction Writing Assistant,Project Growth,Egypt,https://eg.linkedin.com/jobs/view/fiction-writing-assistant-at-project-growth-3860723073?position=2&pageNum=0&refId=VnZVe4PencDdA6gHSRRd%2Bg%3D%3D&trackingId=watyU7SCJDrX%2F3L412JUwQ%3D%3D&trk=public_jobs_jserp-result_search-card,https://www.linkedin.com/company/our-project-growth?trk=public_jobs_jserp-result_job-search-card-subtitle
2,2 weeks ago,Fiction Writing Assistant,Project Growth,Egypt,https://eg.linkedin.com/jobs/view/fiction-writing-assistant-at-project-growth-3860723585?position=3&pageNum=0&refId=VnZVe4PencDdA6gHSRRd%2Bg%3D%3D&trackingId=9szlbZrsozMspBIjBVUkfA%3D%3D&trk=public_jobs_jserp-result_search-card,https://www.linkedin.com/company/our-project-growth?trk=public_jobs_jserp-result_job-search-card-subtitle
3,2 weeks ago,Florist,Marriott International,"Cairo, Cairo, Egypt",https://eg.linkedin.com/jobs/view/florist-at-marriott-international-3859630785?position=4&pageNum=0&refId=VnZVe4PencDdA6gHSRRd%2Bg%3D%3D&trackingId=LCdV0eF4UFHKcH8zLKec0w%3D%3D&trk=public_jobs_jserp-result_search-card,https://www.linkedin.com/company/marriott-international?trk=public_jobs_jserp-result_job-search-card-subtitle
4,2 weeks ago,Writing Assistant,Project Growth,Egypt,https://eg.linkedin.com/jobs/view/writing-assistant-at-project-growth-3860728193?position=5&pageNum=0&refId=VnZVe4PencDdA6gHSRRd%2Bg%3D%3D&trackingId=BaPSFdJJ8ioxKZFg73%2BZuQ%3D%3D&trk=public_jobs_jserp-result_search-card,https://www.linkedin.com/company/our-project-growth?trk=public_jobs_jserp-result_job-search-card-subtitle
5,1 day ago,Events Coordinator,Marriott International,"Cairo, Cairo, Egypt",https://eg.linkedin.com/jobs/view/events-coordinator-at-marriott-international-3883475072?position=6&pageNum=0&refId=VnZVe4PencDdA6gHSRRd%2Bg%3D%3D&trackingId=SJETF5g3nqxGz4WVNQN6uw%3D%3D&trk=public_jobs_jserp-result_search-card,https://www.linkedin.com/company/marriott-international?trk=public_jobs_jserp-result_job-search-card-subtitle
6,6 days ago,Graphic Designer,jobed.com,Egypt,https://eg.linkedin.com/jobs/view/graphic-designer-at-jobed-com-3876234549?position=7&pageNum=0&refId=VnZVe4PencDdA6gHSRRd%2Bg%3D%3D&trackingId=EVx1eOLv00AJGxnP95W2VQ%3D%3D&trk=public_jobs_jserp-result_search-card,https://kw.linkedin.com/company/jobedco?trk=public_jobs_jserp-result_job-search-card-subtitle
7,1 week ago,Graphic Designer,Leo Burnett,"Cairo, Cairo, Egypt",https://eg.linkedin.com/jobs/view/graphic-designer-at-leo-burnett-3870667062?position=8&pageNum=0&refId=VnZVe4PencDdA6gHSRRd%2Bg%3D%3D&trackingId=UVajNEYnvvIv1XSHmQh9vQ%3D%3D&trk=public_jobs_jserp-result_search-card,https://www.linkedin.com/company/leo-burnett?trk=public_jobs_jserp-result_job-search-card-subtitle
8,1 month ago,Graphic Design,Rekrut by Talent 360,"Cairo, Cairo, Egypt",https://eg.linkedin.com/jobs/view/graphic-design-at-rekrut-by-talent-360-3835718727?position=9&pageNum=0&refId=VnZVe4PencDdA6gHSRRd%2Bg%3D%3D&trackingId=lez7RKTh2Wp8QY0rZRvxLw%3D%3D&trk=public_jobs_jserp-result_search-card,https://eg.linkedin.com/company/rekrut-talents?trk=public_jobs_jserp-result_job-search-card-subtitle
9,1 week ago,مسؤول فريق المنوعات,AlAin News,"Cairo, Egypt",https://eg.linkedin.com/jobs/view/%D9%85%D8%B3%D8%A4%D9%88%D9%84-%D9%81%D8%B1%D9%8A%D9%82-%D8%A7%D9%84%D9%85%D9%86%D9%88%D8%B9%D8%A7%D8%AA-at-alain-news-3870515256?position=10&pageNum=0&refId=VnZVe4PencDdA6gHSRRd%2Bg%3D%3D&trackingId=inCxxXXwbtRpZsaLD7MdbA%3D%3D&trk=public_jobs_jserp-result_search-card,https://ae.linkedin.com/company/ainnews?trk=public_jobs_jserp-result_job-search-card-subtitle
10,1 year ago,Graphic Designer,Creadits,Egypt,https://eg.linkedin.com/jobs/view/graphic-designer-at-creadits-3382821504?position=11&pageNum=0&refId=VnZVe4PencDdA6gHSRRd%2Bg%3D%3D&trackingId=MjZ0M7OmGNCnA2aTgN1M7w%3D%3D&trk=public_jobs_jserp-result_search-card,https://sg.linkedin.com/company/creadits?trk=public_jobs_jserp-result_job-search-card-subtitle
11,1 day ago,Graphic Designer,FAO,"Cairo, Cairo, Egypt",https://eg.linkedin.com/jobs/view/graphic-designer-at-fao-3884251198?position=12&pageNum=0&refId=VnZVe4PencDdA6gHSRRd%2Bg%3D%3D&trackingId=eZIz9pErq7b2HuRi8x7RJQ%3D%3D&trk=public_jobs_jserp-result_search-card,https://it.linkedin.com/company/fao?trk=public_jobs_jserp-result_job-search-card-subtitle
12,3 days ago,Design and Rendering Specialist,PepsiCo,"New Cairo, Cairo, Egypt",https://eg.linkedin.com/jobs/view/design-and-rendering-specialist-at-pepsico-3883359274?position=13&pageNum=0&refId=VnZVe4PencDdA6gHSRRd%2Bg%3D%3D&trackingId=7SYyRbyGZmZ1KwJF%2FQzuZQ%3D%3D&trk=public_jobs_jserp-result_search-card,https://www.linkedin.com/company/pepsico?trk=public_jobs_jserp-result_job-search-card-subtitle
13,undefined,Senior Art Director,Potensia Media,"New Cairo, Cairo, Egypt",https://eg.linkedin.com/jobs/view/senior-art-director-at-potensia-media-3886214440?position=14&pageNum=0&refId=VnZVe4PencDdA6gHSRRd%2Bg%3D%3D&trackingId=ddv%2BnsfX5%2FYtQ9%2B8hXr7%2Bw%3D%3D&trk=public_jobs_jserp-result_search-card,https://ae.linkedin.com/company/potensiamedia?trk=public_jobs_jserp-result_job-search-card-subtitle
14,1 week ago,Graphic Design Manager,Majid Al Futtaim,"Cairo, Egypt",https://eg.linkedin.com/jobs/view/graphic-design-manager-at-majid-al-futtaim-3872016206?position=15&pageNum=0&refId=VnZVe4PencDdA6gHSRRd%2Bg%3D%3D&trackingId=dC0ysHcX7wdHo1%2FRsUPGFA%3D%3D&trk=public_jobs_jserp-result_search-card,https://ae.linkedin.com/company/majid-al-futtaim?trk=public_jobs_jserp-result_job-search-card-subtitle
15,3 days ago,Creative Director,Maa Althahab,Egypt,https://eg.linkedin.com/jobs/view/creative-director-at-maa-althahab-3881607557?position=16&pageNum=0&refId=VnZVe4PencDdA6gHSRRd%2Bg%3D%3D&trackingId=HV%2FEUXK4x%2BBKNzJEWeHXcg%3D%3D&trk=public_jobs_jserp-result_search-card,https://tr.linkedin.com/company/maa-althahab?trk=public_jobs_jserp-result_job-search-card-subtitle
16,1 month ago,Graphic Designer,Envision Employment Solutions,"Cairo, Cairo, Egypt",https://eg.linkedin.com/jobs/view/graphic-designer-at-envision-employment-solutions-3829652378?position=17&pageNum=0&refId=VnZVe4PencDdA6gHSRRd%2Bg%3D%3D&trackingId=ibz%2FhIy3WeFLDx%2B2FTLNwg%3D%3D&trk=public_jobs_jserp-result_search-card,https://eg.linkedin.com/company/envision-employment-solutions?trk=public_jobs_jserp-result_job-search-card-subtitle
17,4 days ago,Creative Manager/Art Director,Tafaseel BPO,"Cairo, Cairo, Egypt",https://eg.linkedin.com/jobs/view/creative-manager-art-director-at-tafaseel-bpo-3882223290?position=18&pageNum=0&refId=VnZVe4PencDdA6gHSRRd%2Bg%3D%3D&trackingId=XOKeNVunogVU3Pl8AljhGA%3D%3D&trk=public_jobs_jserp-result_search-card,https://ae.linkedin.com/company/tafaseel-bpo?trk=public_jobs_jserp-result_job-search-card-subtitle
18,2 months ago,Art Director.,Rekrut by Talent 360,"Cairo, Cairo, Egypt",https://eg.linkedin.com/jobs/view/art-director-at-rekrut-by-talent-360-3819169565?position=19&pageNum=0&refId=VnZVe4PencDdA6gHSRRd%2Bg%3D%3D&trackingId=0b%2BzntjJzV6pwGMtoUkVuA%3D%3D&trk=public_jobs_jserp-result_search-card,https://eg.linkedin.com/company/rekrut-talents?trk=public_jobs_jserp-result_job-search-card-subtitle
19,3 months ago,Graphic Designer,ArpuPlus - ARPU Telecommunications Services,"Cairo, Cairo, Egypt",https://eg.linkedin.com/jobs/view/graphic-designer-at-arpuplus-arpu-telecommunications-services-3794796157?position=20&pageNum=0&refId=VnZVe4PencDdA6gHSRRd%2Bg%3D%3D&trackingId=9vGsjk79muFMJ%2F9fHOG4cw%3D%3D&trk=public_jobs_jserp-result_search-card,https://eg.linkedin.com/company/arpuplusofficial?trk=public_jobs_jserp-result_job-search-card-subtitle
20,2 months ago,Graphic Design - Junior Graphic Designer PPT Expert - Cairo,Infomineo,"Cairo, Cairo, Egypt",https://eg.linkedin.com/jobs/view/graphic-design-junior-graphic-designer-ppt-expert-cairo-at-infomineo-3801961764?position=21&pageNum=0&refId=VnZVe4PencDdA6gHSRRd%2Bg%3D%3D&trackingId=yUkNac1WbQOwXoDC%2FQbs9g%3D%3D&trk=public_jobs_jserp-result_search-card,https://ae.linkedin.com/company/infomineo?trk=public_jobs_jserp-result_job-search-card-subtitle
21,2 weeks ago,Assistant Director of Events,Marriott International,"Cairo, Cairo, Egypt",https://eg.linkedin.com/jobs/view/assistant-director-of-events-at-marriott-international-3859629874?position=22&pageNum=0&refId=VnZVe4PencDdA6gHSRRd%2Bg%3D%3D&trackingId=1qyX%2F8X8VKmh9N81yA1dxw%3D%3D&trk=public_jobs_jserp-result_search-card,https://www.linkedin.com/company/marriott-international?trk=public_jobs_jserp-result_job-search-card-subtitle
22,2 months ago,Junior Motion Graphic Designer,Wasla,"Cairo, Cairo, Egypt",https://eg.linkedin.com/jobs/view/junior-motion-graphic-designer-at-wasla-3816541193?position=23&pageNum=0&refId=VnZVe4PencDdA6gHSRRd%2Bg%3D%3D&trackingId=zTZTpX6fNOExldzVRxVIpg%3D%3D&trk=public_jobs_jserp-result_search-card,https://eg.linkedin.com/company/bravo-shop-right?trk=public_jobs_jserp-result_job-search-card-subtitle
23,1 week ago,Senior Manager - Creative and Design,Majid Al Futtaim,"Cairo, Egypt",https://eg.linkedin.com/jobs/view/senior-manager-creative-and-design-at-majid-al-futtaim-3872029097?position=24&pageNum=0&refId=VnZVe4PencDdA6gHSRRd%2Bg%3D%3D&trackingId=fMCqHzQ3w%2BbH8OAH%2BKBmoA%3D%3D&trk=public_jobs_jserp-result_search-card,https://ae.linkedin.com/company/majid-al-futtaim?trk=public_jobs_jserp-result_job-search-card-subtitle
24,2 weeks ago,Assistant Director of Events,Marriott International,"Cairo, Cairo, Egypt",https://eg.linkedin.com/jobs/view/assistant-director-of-events-at-marriott-international-3841302862?position=25&pageNum=0&refId=VnZVe4PencDdA6gHSRRd%2Bg%3D%3D&trackingId=GuR15EtGJTQVwoXLNU82rw%3D%3D&trk=public_jobs_jserp-result_search-card,https://www.linkedin.com/company/marriott-international?trk=public_jobs_jserp-result_job-search-card-subtitle
25,2 weeks ago,Presser,Marriott International,"Cairo, Cairo, Egypt",https://eg.linkedin.com/jobs/view/presser-at-marriott-international-3841302725?position=26&pageNum=0&refId=VnZVe4PencDdA6gHSRRd%2Bg%3D%3D&trackingId=REiBoPXArGqSRQi9ACTq3w%3D%3D&trk=public_jobs_jserp-result_search-card,https://www.linkedin.com/company/marriott-international?trk=public_jobs_jserp-result_job-search-card-subtitle
26,5 days ago,Guest Experience Coordinator,Four Seasons Hotels and Resorts,"Cairo, Cairo, Egypt",https://eg.linkedin.com/jobs/view/guest-experience-coordinator-at-four-seasons-hotels-and-resorts-3878116145?position=27&pageNum=0&refId=VnZVe4PencDdA6gHSRRd%2Bg%3D%3D&trackingId=newhOCyoDykyhNJmimvGuQ%3D%3D&trk=public_jobs_jserp-result_search-card,https://ca.linkedin.com/company/four-seasons-hotels-and-resorts?trk=public_jobs_jserp-result_job-search-card-subtitle
27,1 week ago,Admin Clerk,Marriott International,"Cairo, Cairo, Egypt",https://eg.linkedin.com/jobs/view/admin-clerk-at-marriott-international-3873536233?position=28&pageNum=0&refId=VnZVe4PencDdA6gHSRRd%2Bg%3D%3D&trackingId=pNhfzXFR%2FRAU2BWsQkOEaQ%3D%3D&trk=public_jobs_jserp-result_search-card,https://www.linkedin.com/company/marriott-international?trk=public_jobs_jserp-result_job-search-card-subtitle
28,1 month ago,Product Designer (Textile Designer),Whitecollars,Egypt,https://eg.linkedin.com/jobs/view/product-designer-textile-designer-at-whitecollars-3830428009?position=29&pageNum=0&refId=VnZVe4PencDdA6gHSRRd%2Bg%3D%3D&trackingId=F3iyXTFYbgYi83fHalfzwQ%3D%3D&trk=public_jobs_jserp-result_search-card,https://uk.linkedin.com/company/whitecollarshrm?trk=public_jobs_jserp-result_job-search-card-subtitle
29,undefined,Customer Service,Art House Furniture,"Cairo, Cairo, Egypt",https://eg.linkedin.com/jobs/view/customer-service-at-art-house-furniture-3886209224?position=30&pageNum=0&refId=VnZVe4PencDdA6gHSRRd%2Bg%3D%3D&trackingId=t03XPcBZSqKgz3qwcOZecA%3D%3D&trk=public_jobs_jserp-result_search-card,https://eg.linkedin.com/company/art-house-furniture-eg?trk=public_jobs_jserp-result_job-search-card-subtitle
30,2 weeks ago,Sr. Art Director,Rekrut by Talent 360,"Cairo, Cairo, Egypt",https://eg.linkedin.com/jobs/view/sr-art-director-at-rekrut-by-talent-360-3863222641?position=31&pageNum=0&refId=VnZVe4PencDdA6gHSRRd%2Bg%3D%3D&trackingId=KguXJ%2FiGxRzbV1KrjvWDKQ%3D%3D&trk=public_jobs_jserp-result_search-card,https://eg.linkedin.com/company/rekrut-talents?trk=public_jobs_jserp-result_job-search-card-subtitle
31,3 weeks ago,Senior Art Director,Viola Communications,"Cairo, Egypt",https://eg.linkedin.com/jobs/view/senior-art-director-at-viola-communications-3854113631?position=32&pageNum=0&refId=VnZVe4PencDdA6gHSRRd%2Bg%3D%3D&trackingId=MC7H4MD37AlOfGLZSyva%2Bg%3D%3D&trk=public_jobs_jserp-result_search-card,https://ae.linkedin.com/company/viola-communications?trk=public_jobs_jserp-result_job-search-card-subtitle
32,5 days ago,Purchasing Supervisor - Waldorf Astoria Heliopolis,Hilton,"Qesm Heliopolis, Cairo, Egypt",https://eg.linkedin.com/jobs/view/purchasing-supervisor-waldorf-astoria-heliopolis-at-hilton-3880081790?position=33&pageNum=0&refId=VnZVe4PencDdA6gHSRRd%2Bg%3D%3D&trackingId=Klc3Q%2F3fH7XaEByXxAaD1w%3D%3D&trk=public_jobs_jserp-result_search-card,https://www.linkedin.com/company/hilton?trk=public_jobs_jserp-result_job-search-card-subtitle
33,3 days ago,Design and Rendering Specialist,PepsiCo,"New Cairo, Cairo, Egypt",https://eg.linkedin.com/jobs/view/design-and-rendering-specialist-at-pepsico-3883363015?position=34&pageNum=0&refId=VnZVe4PencDdA6gHSRRd%2Bg%3D%3D&trackingId=wDRhzCu%2B73nsqrV9H9x4XQ%3D%3D&trk=public_jobs_jserp-result_search-card,https://www.linkedin.com/company/pepsico?trk=public_jobs_jserp-result_job-search-card-subtitle
34,1 week ago,Junior Motion Graphics Designer,dentsu,"Cairo, Cairo, Egypt",https://eg.linkedin.com/jobs/view/junior-motion-graphics-designer-at-dentsu-3742406335?position=35&pageNum=0&refId=VnZVe4PencDdA6gHSRRd%2Bg%3D%3D&trackingId=eEGOo1dzmXA5vc6qPMo7ww%3D%3D&trk=public_jobs_jserp-result_search-card,https://jp.linkedin.com/company/dentsu?trk=public_jobs_jserp-result_job-search-card-subtitle
35,4 months ago,Senior Graphic Designer.,Rekrut by Talent 360,"Cairo, Cairo, Egypt",https://eg.linkedin.com/jobs/view/senior-graphic-designer-at-rekrut-by-talent-360-3781607723?position=36&pageNum=0&refId=VnZVe4PencDdA6gHSRRd%2Bg%3D%3D&trackingId=%2F03uOU0NG2nfLJUlN%2FFv2Q%3D%3D&trk=public_jobs_jserp-result_search-card,https://eg.linkedin.com/company/rekrut-talents?trk=public_jobs_jserp-result_job-search-card-subtitle
36,2 weeks ago,Multimedia Designer,Hill & Knowlton,"Cairo, Egypt",https://eg.linkedin.com/jobs/view/multimedia-designer-at-hill-knowlton-3790754038?position=37&pageNum=0&refId=VnZVe4PencDdA6gHSRRd%2Bg%3D%3D&trackingId=Bzi4y%2BZNUelQJSNikDQyZA%3D%3D&trk=public_jobs_jserp-result_search-card,https://www.linkedin.com/company/hillandknowlton?trk=public_jobs_jserp-result_job-search-card-subtitle
37,5 days ago,Art Teacher - Secondary,Modern English School Cairo,"New Cairo, Cairo, Egypt",https://eg.linkedin.com/jobs/view/art-teacher-secondary-at-modern-english-school-cairo-3878500292?position=38&pageNum=0&refId=VnZVe4PencDdA6gHSRRd%2Bg%3D%3D&trackingId=5C1d2ZQKFH6dFQR4tgT%2FgQ%3D%3D&trk=public_jobs_jserp-result_search-card,https://eg.linkedin.com/company/modern-english-school-cairo?trk=public_jobs_jserp-result_job-search-card-subtitle
38,3 weeks ago,Food & Beverage Coordinator - Waldorf Astoria Cairo Heliopolis,Hilton,"Qesm Heliopolis, Cairo, Egypt",https://eg.linkedin.com/jobs/view/food-beverage-coordinator-waldorf-astoria-cairo-heliopolis-at-hilton-3857356347?position=39&pageNum=0&refId=VnZVe4PencDdA6gHSRRd%2Bg%3D%3D&trackingId=45OG0rQIcudEEJ5SkTMblA%3D%3D&trk=public_jobs_jserp-result_search-card,https://www.linkedin.com/company/hilton?trk=public_jobs_jserp-result_job-search-card-subtitle
39,4 days ago,Senior Graphic Designer,Chain Reaction,Egypt,https://eg.linkedin.com/jobs/view/senior-graphic-designer-at-chain-reaction-3881514747?position=40&pageNum=0&refId=VnZVe4PencDdA6gHSRRd%2Bg%3D%3D&trackingId=g76mRUEGbYx9AKf%2B81JDMQ%3D%3D&trk=public_jobs_jserp-result_search-card,https://ae.linkedin.com/company/chain-reaction-digital-services?trk=public_jobs_jserp-result_job-search-card-subtitle
40,4 days ago,Architect,Maa Althahab,Egypt,https://eg.linkedin.com/jobs/view/architect-at-maa-althahab-3879674323?position=41&pageNum=0&refId=VnZVe4PencDdA6gHSRRd%2Bg%3D%3D&trackingId=BqiQI6Wu5qDoShixupo0NA%3D%3D&trk=public_jobs_jserp-result_search-card,https://tr.linkedin.com/company/maa-althahab?trk=public_jobs_jserp-result_job-search-card-subtitle
41,1 month ago,Senior Graphic Designer,Chain Reaction,"Qesm 2nd New Cairo, Cairo, Egypt",https://eg.linkedin.com/jobs/view/senior-graphic-designer-at-chain-reaction-3847197319?position=42&pageNum=0&refId=VnZVe4PencDdA6gHSRRd%2Bg%3D%3D&trackingId=8X5fMkYUOVI5rGZVWToGcA%3D%3D&trk=public_jobs_jserp-result_search-card,https://ae.linkedin.com/company/chain-reaction-digital-services?trk=public_jobs_jserp-result_job-search-card-subtitle
42,2 weeks ago,Art Director,AKQA,"Cairo, Cairo, Egypt",https://eg.linkedin.com/jobs/view/art-director-at-akqa-3670231696?position=43&pageNum=0&refId=VnZVe4PencDdA6gHSRRd%2Bg%3D%3D&trackingId=%2FlrikFaK4zvj%2BoSCKYT7vA%3D%3D&trk=public_jobs_jserp-result_search-card,https://www.linkedin.com/company/akqa?trk=public_jobs_jserp-result_job-search-card-subtitle
43,2 weeks ago,Storyboard Artist,Athar animation studio,"Alexandria, Egypt",no link,no link
44,2 weeks ago,Email Lifecycle Associate,Project Growth,Egypt,https://eg.linkedin.com/jobs/view/email-lifecycle-associate-at-project-growth-3866886823?position=45&pageNum=0&refId=VnZVe4PencDdA6gHSRRd%2Bg%3D%3D&trackingId=y9yZ%2B135ZqEM072EildSMA%3D%3D&trk=public_jobs_jserp-result_search-card,https://www.linkedin.com/company/our-project-growth?trk=public_jobs_jserp-result_job-search-card-subtitle
45,2 weeks ago,Health Club Receptionist,Marriott International,"Cairo, Cairo, Egypt",https://eg.linkedin.com/jobs/view/health-club-receptionist-at-marriott-international-3840994543?position=46&pageNum=0&refId=VnZVe4PencDdA6gHSRRd%2Bg%3D%3D&trackingId=yKh7CO8pQO%2FMyoE7qDDJ4Q%3D%3D&trk=public_jobs_jserp-result_search-card,https://www.linkedin.com/company/marriott-international?trk=public_jobs_jserp-result_job-search-card-subtitle
46,1 month ago,Senior Creative Copywriter,Chain Reaction,"Qesm 2nd New Cairo, Cairo, Egypt",https://eg.linkedin.com/jobs/view/senior-creative-copywriter-at-chain-reaction-3847032297?position=47&pageNum=0&refId=VnZVe4PencDdA6gHSRRd%2Bg%3D%3D&trackingId=yxk%2BOH7j%2FcIfOpPmhW3ALQ%3D%3D&trk=public_jobs_jserp-result_search-card,https://ae.linkedin.com/company/chain-reaction-digital-services?trk=public_jobs_jserp-result_job-search-card-subtitle
47,1 week ago,Senior Procurement Specialist,Lafarge Egypt,"New Cairo, Cairo, Egypt",https://eg.linkedin.com/jobs/view/senior-procurement-specialist-at-lafarge-egypt-3866945221?position=48&pageNum=0&refId=VnZVe4PencDdA6gHSRRd%2Bg%3D%3D&trackingId=RkfgeraT36hgavT%2B31NIQg%3D%3D&trk=public_jobs_jserp-result_search-card,https://eg.linkedin.com/company/lafargeegypt?trk=public_jobs_jserp-result_job-search-card-subtitle
48,4 days ago,EG - Social Media Manager - Jumia (Full Time),Jumia Group,"Cairo, Cairo, Egypt",https://eg.linkedin.com/jobs/view/eg-social-media-manager-jumia-full-time-at-jumia-group-3879665052?position=49&pageNum=0&refId=VnZVe4PencDdA6gHSRRd%2Bg%3D%3D&trackingId=S88uWvhh1CuDIExpm%2Bd%2BXQ%3D%3D&trk=public_jobs_jserp-result_search-card,https://ng.linkedin.com/company/jumia-group?trk=public_jobs_jserp-result_job-search-card-subtitle
49,1 week ago,Part time Teacher,Algorithmics Alexandria - Raml,"Alexandria, Alexandria, Egypt",https://eg.linkedin.com/jobs/view/part-time-teacher-at-algorithmics-alexandria-raml-3827284836?position=50&pageNum=0&refId=VnZVe4PencDdA6gHSRRd%2Bg%3D%3D&trackingId=DR1uS%2FM6pUXGI7V%2BZpySFw%3D%3D&trk=public_jobs_jserp-result_search-card,https://www.linkedin.com/company/algorithmics-alexandria-raml?trk=public_jobs_jserp-result_job-search-card-subtitle
50,3 days ago,Student Life Manager,Antal International,"Cairo, Cairo, Egypt",https://eg.linkedin.com/jobs/view/student-life-manager-at-antal-international-3883952644?position=51&pageNum=0&refId=VnZVe4PencDdA6gHSRRd%2Bg%3D%3D&trackingId=OiFBQzkXy1FxZCpbs5ValQ%3D%3D&trk=public_jobs_jserp-result_search-card,https://uk.linkedin.com/company/antal-international?trk=public_jobs_jserp-result_job-search-card-subtitle
51,2 weeks ago,Project Coordinator,NielsenIQ,"Cairo, Cairo, Egypt",https://eg.linkedin.com/jobs/view/project-coordinator-at-nielseniq-3806814688?position=52&pageNum=0&refId=VnZVe4PencDdA6gHSRRd%2Bg%3D%3D&trackingId=U2CxFCKJnocTRMXSPHyx1g%3D%3D&trk=public_jobs_jserp-result_search-card,https://www.linkedin.com/company/nielseniq?trk=public_jobs_jserp-result_job-search-card-subtitle
52,2 months ago,Art Director,Arabian Systems,"New Cairo, Cairo, Egypt",https://eg.linkedin.com/jobs/view/art-director-at-arabian-systems-3810710391?position=53&pageNum=0&refId=VnZVe4PencDdA6gHSRRd%2Bg%3D%3D&trackingId=ki90idrGcHC2UwvvogIrRQ%3D%3D&trk=public_jobs_jserp-result_search-card,https://eg.linkedin.com/company/arabian-systems?trk=public_jobs_jserp-result_job-search-card-subtitle
53,2 weeks ago,Director of People & Culture,Four Seasons Hotels and Resorts,"Cairo, Cairo, Egypt",https://eg.linkedin.com/jobs/view/director-of-people-culture-at-four-seasons-hotels-and-resorts-3865278276?position=54&pageNum=0&refId=VnZVe4PencDdA6gHSRRd%2Bg%3D%3D&trackingId=QPtwl6Sd5IOrrOp8hTVnQA%3D%3D&trk=public_jobs_jserp-result_search-card,https://ca.linkedin.com/company/four-seasons-hotels-and-resorts?trk=public_jobs_jserp-result_job-search-card-subtitle
54,4 months ago,Customer Support Freelance,ArpuPlus - ARPU Telecommunications Services,"Cairo, Cairo, Egypt",https://eg.linkedin.com/jobs/view/customer-support-freelance-at-arpuplus-arpu-telecommunications-services-3763755403?position=55&pageNum=0&refId=VnZVe4PencDdA6gHSRRd%2Bg%3D%3D&trackingId=dS%2FoO8tDGXZuzabHdaatnQ%3D%3D&trk=public_jobs_jserp-result_search-card,https://eg.linkedin.com/company/arpuplusofficial?trk=public_jobs_jserp-result_job-search-card-subtitle
55,5 days ago,MEP Engineer (Technical Office Engineer),High Art - (El Handaseya For Architecture & Decoration),"Qesm El Nozha, Cairo, Egypt",https://eg.linkedin.com/jobs/view/mep-engineer-technical-office-engineer-at-high-art-el-handaseya-for-architecture-decoration-3880253800?position=56&pageNum=0&refId=VnZVe4PencDdA6gHSRRd%2Bg%3D%3D&trackingId=jedxiGsUYNirvjdwrjhSag%3D%3D&trk=public_jobs_jserp-result_search-card,https://eg.linkedin.com/company/high-art-el-handaseya-for-architecture-decoration?trk=public_jobs_jserp-result_job-search-card-subtitle
56,1 week ago,Structure Engineer,High Art - (El Handaseya For Architecture & Decoration),"Qesm El Nozha, Cairo, Egypt",https://eg.linkedin.com/jobs/view/structure-engineer-at-high-art-el-handaseya-for-architecture-decoration-3869505293?position=57&pageNum=0&refId=VnZVe4PencDdA6gHSRRd%2Bg%3D%3D&trackingId=xVZ8P8ugUdtdScOIsaGuHg%3D%3D&trk=public_jobs_jserp-result_search-card,https://eg.linkedin.com/company/high-art-el-handaseya-for-architecture-decoration?trk=public_jobs_jserp-result_job-search-card-subtitle
57,5 days ago,Teacher of Arabic Language,King's School The Crown,"Cairo, Cairo, Egypt",https://eg.linkedin.com/jobs/view/teacher-of-arabic-language-at-king-s-school-the-crown-3877215545?position=58&pageNum=0&refId=VnZVe4PencDdA6gHSRRd%2Bg%3D%3D&trackingId=HhCKcNGi6uNByLuHYbfF1Q%3D%3D&trk=public_jobs_jserp-result_search-card,https://eg.linkedin.com/company/king-s-school-the-crown?trk=public_jobs_jserp-result_job-search-card-subtitle
58,2 weeks ago,Consultant - Beauty - Givenchy,Chalhoub Group,"Cairo, Cairo, Egypt",https://eg.linkedin.com/jobs/view/consultant-beauty-givenchy-at-chalhoub-group-3858980107?position=59&pageNum=0&refId=VnZVe4PencDdA6gHSRRd%2Bg%3D%3D&trackingId=eDjORxOVEoeFgciDWisGGQ%3D%3D&trk=public_jobs_jserp-result_search-card,https://ae.linkedin.com/company/chalhoubgroup?trk=public_jobs_jserp-result_job-search-card-subtitle
59,2 weeks ago,Production Controller,Shift EV,"6th of October, Al Jizah, Egypt",https://eg.linkedin.com/jobs/view/production-controller-at-shift-ev-3864620326?position=60&pageNum=0&refId=VnZVe4PencDdA6gHSRRd%2Bg%3D%3D&trackingId=A5iMO%2FvL1hIyv3uqJsXP1Q%3D%3D&trk=public_jobs_jserp-result_search-card,https://eg.linkedin.com/company/shift-ev?trk=public_jobs_jserp-result_job-search-card-subtitle
60,2 weeks ago,Presser,Marriott International,"Cairo, Cairo, Egypt",https://eg.linkedin.com/jobs/view/presser-at-marriott-international-3841302725?position=1&pageNum=2&refId=FD9pkg9NVIf4XKlrH%2Fx4Xw%3D%3D&trackingId=pQ0%2B%2Bp4%2BchffIK%2FZlWYWQQ%3D%3D&trk=public_jobs_jserp-result_search-card,https://www.linkedin.com/company/marriott-international?trk=public_jobs_jserp-result_job-search-card-subtitle
61,5 days ago,Guest Experience Coordinator,Four Seasons Hotels and Resorts,"Cairo, Cairo, Egypt",https://eg.linkedin.com/jobs/view/guest-experience-coordinator-at-four-seasons-hotels-and-resorts-3878116145?position=2&pageNum=2&refId=FD9pkg9NVIf4XKlrH%2Fx4Xw%3D%3D&trackingId=gnslaz4xYprP3uRjMbj6Qw%3D%3D&trk=public_jobs_jserp-result_search-card,https://ca.linkedin.com/company/four-seasons-hotels-and-resorts?trk=public_jobs_jserp-result_job-search-card-subtitle
62,1 week ago,Admin Clerk,Marriott International,"Cairo, Cairo, Egypt",https://eg.linkedin.com/jobs/view/admin-clerk-at-marriott-international-3873536233?position=3&pageNum=2&refId=FD9pkg9NVIf4XKlrH%2Fx4Xw%3D%3D&trackingId=PPDp%2FBeevcX7JcEgq%2BVZ1A%3D%3D&trk=public_jobs_jserp-result_search-card,https://www.linkedin.com/company/marriott-international?trk=public_jobs_jserp-result_job-search-card-subtitle
63,1 month ago,Product Designer (Textile Designer),Whitecollars,Egypt,https://eg.linkedin.com/jobs/view/product-designer-textile-designer-at-whitecollars-3830428009?position=4&pageNum=2&refId=FD9pkg9NVIf4XKlrH%2Fx4Xw%3D%3D&trackingId=GYgkLRT%2FtP2XBXtIKqTVtw%3D%3D&trk=public_jobs_jserp-result_search-card,https://uk.linkedin.com/company/whitecollarshrm?trk=public_jobs_jserp-result_job-search-card-subtitle
64,undefined,Customer Service,Art House Furniture,"Cairo, Cairo, Egypt",https://eg.linkedin.com/jobs/view/customer-service-at-art-house-furniture-3886209224?position=5&pageNum=2&refId=FD9pkg9NVIf4XKlrH%2Fx4Xw%3D%3D&trackingId=zCh68SyltUAOnZd%2BZ1DtiQ%3D%3D&trk=public_jobs_jserp-result_search-card,https://eg.linkedin.com/company/art-house-furniture-eg?trk=public_jobs_jserp-result_job-search-card-subtitle
65,2 weeks ago,Sr. Art Director,Rekrut by Talent 360,"Cairo, Cairo, Egypt",https://eg.linkedin.com/jobs/view/sr-art-director-at-rekrut-by-talent-360-3863222641?position=6&pageNum=2&refId=FD9pkg9NVIf4XKlrH%2Fx4Xw%3D%3D&trackingId=3nYfzv7ZhMp3mLZq6lEUjQ%3D%3D&trk=public_jobs_jserp-result_search-card,https://eg.linkedin.com/company/rekrut-talents?trk=public_jobs_jserp-result_job-search-card-subtitle
66,3 weeks ago,Senior Art Director,Viola Communications,"Cairo, Egypt",https://eg.linkedin.com/jobs/view/senior-art-director-at-viola-communications-3854113631?position=7&pageNum=2&refId=FD9pkg9NVIf4XKlrH%2Fx4Xw%3D%3D&trackingId=ytmMSkpg%2BRzlcuV8Ybdhjg%3D%3D&trk=public_jobs_jserp-result_search-card,https://ae.linkedin.com/company/viola-communications?trk=public_jobs_jserp-result_job-search-card-subtitle
67,5 days ago,Purchasing Supervisor - Waldorf Astoria Heliopolis,Hilton,"Qesm Heliopolis, Cairo, Egypt",https://eg.linkedin.com/jobs/view/purchasing-supervisor-waldorf-astoria-heliopolis-at-hilton-3880081790?position=8&pageNum=2&refId=FD9pkg9NVIf4XKlrH%2Fx4Xw%3D%3D&trackingId=SsLUOfEif8bVSDK8Dut8%2FQ%3D%3D&trk=public_jobs_jserp-result_search-card,https://www.linkedin.com/company/hilton?trk=public_jobs_jserp-result_job-search-card-subtitle
68,3 days ago,Design and Rendering Specialist,PepsiCo,"New Cairo, Cairo, Egypt",https://eg.linkedin.com/jobs/view/design-and-rendering-specialist-at-pepsico-3883363015?position=9&pageNum=2&refId=FD9pkg9NVIf4XKlrH%2Fx4Xw%3D%3D&trackingId=O5RM%2FMTDPXZsVRcYaDO7Zw%3D%3D&trk=public_jobs_jserp-result_search-card,https://www.linkedin.com/company/pepsico?trk=public_jobs_jserp-result_job-search-card-subtitle
69,1 week ago,Junior Motion Graphics Designer,dentsu,"Cairo, Cairo, Egypt",https://eg.linkedin.com/jobs/view/junior-motion-graphics-designer-at-dentsu-3742406335?position=10&pageNum=2&refId=FD9pkg9NVIf4XKlrH%2Fx4Xw%3D%3D&trackingId=%2FhaY9xgiJm240NgXW82deQ%3D%3D&trk=public_jobs_jserp-result_search-card,https://jp.linkedin.com/company/dentsu?trk=public_jobs_jserp-result_job-search-card-subtitle
70,3 days ago,Student Life Manager,Antal International,"Cairo, Cairo, Egypt",https://eg.linkedin.com/jobs/view/student-life-manager-at-antal-international-3883952644?position=1&pageNum=5&refId=oS1f9qTN4XMtVC0yRLVVCA%3D%3D&trackingId=eGMI8RD2iK8U%2FIo7KbB3Kw%3D%3D&trk=public_jobs_jserp-result_search-card,https://uk.linkedin.com/company/antal-international?trk=public_jobs_jserp-result_job-search-card-subtitle
71,2 weeks ago,Project Coordinator,NielsenIQ,"Cairo, Cairo, Egypt",https://eg.linkedin.com/jobs/view/project-coordinator-at-nielseniq-3806814688?position=2&pageNum=5&refId=oS1f9qTN4XMtVC0yRLVVCA%3D%3D&trackingId=Hl4Rs6ZWbXHxJwIEnsROrg%3D%3D&trk=public_jobs_jserp-result_search-card,https://www.linkedin.com/company/nielseniq?trk=public_jobs_jserp-result_job-search-card-subtitle
72,2 months ago,Art Director,Arabian Systems,"New Cairo, Cairo, Egypt",https://eg.linkedin.com/jobs/view/art-director-at-arabian-systems-3810710391?position=3&pageNum=5&refId=oS1f9qTN4XMtVC0yRLVVCA%3D%3D&trackingId=jz5QfRGPlBZqLNXP3MbmBQ%3D%3D&trk=public_jobs_jserp-result_search-card,https://eg.linkedin.com/company/arabian-systems?trk=public_jobs_jserp-result_job-search-card-subtitle
73,2 weeks ago,Director of People & Culture,Four Seasons Hotels and Resorts,"Cairo, Cairo, Egypt",https://eg.linkedin.com/jobs/view/director-of-people-culture-at-four-seasons-hotels-and-resorts-3865278276?position=4&pageNum=5&refId=oS1f9qTN4XMtVC0yRLVVCA%3D%3D&trackingId=bkrPQaQ%2BUcKx3Ma3XHpwkQ%3D%3D&trk=public_jobs_jserp-result_search-card,https://ca.linkedin.com/company/four-seasons-hotels-and-resorts?trk=public_jobs_jserp-result_job-search-card-subtitle
74,4 months ago,Customer Support Freelance,ArpuPlus - ARPU Telecommunications Services,"Cairo, Cairo, Egypt",https://eg.linkedin.com/jobs/view/customer-support-freelance-at-arpuplus-arpu-telecommunications-services-3763755403?position=5&pageNum=5&refId=oS1f9qTN4XMtVC0yRLVVCA%3D%3D&trackingId=IsrTjXUGjyCZqWLITetZ0A%3D%3D&trk=public_jobs_jserp-result_search-card,https://eg.linkedin.com/company/arpuplusofficial?trk=public_jobs_jserp-result_job-search-card-subtitle
75,5 days ago,MEP Engineer (Technical Office Engineer),High Art - (El Handaseya For Architecture & Decoration),"Qesm El Nozha, Cairo, Egypt",https://eg.linkedin.com/jobs/view/mep-engineer-technical-office-engineer-at-high-art-el-handaseya-for-architecture-decoration-3880253800?position=6&pageNum=5&refId=oS1f9qTN4XMtVC0yRLVVCA%3D%3D&trackingId=N4yrnmtCKSQXziMb28c8Yg%3D%3D&trk=public_jobs_jserp-result_search-card,https://eg.linkedin.com/company/high-art-el-handaseya-for-architecture-decoration?trk=public_jobs_jserp-result_job-search-card-subtitle
76,1 week ago,Structure Engineer,High Art - (El Handaseya For Architecture & Decoration),"Qesm El Nozha, Cairo, Egypt",https://eg.linkedin.com/jobs/view/structure-engineer-at-high-art-el-handaseya-for-architecture-decoration-3869505293?position=7&pageNum=5&refId=oS1f9qTN4XMtVC0yRLVVCA%3D%3D&trackingId=5yPVCNGhl15NILDM%2BgxbsQ%3D%3D&trk=public_jobs_jserp-result_search-card,https://eg.linkedin.com/company/high-art-el-handaseya-for-architecture-decoration?trk=public_jobs_jserp-result_job-search-card-subtitle
77,5 days ago,Teacher of Arabic Language,King's School The Crown,"Cairo, Cairo, Egypt",https://eg.linkedin.com/jobs/view/teacher-of-arabic-language-at-king-s-school-the-crown-3877215545?position=8&pageNum=5&refId=oS1f9qTN4XMtVC0yRLVVCA%3D%3D&trackingId=%2F%2B%2FgD1fdQXWH5VfmP244Tw%3D%3D&trk=public_jobs_jserp-result_search-card,https://eg.linkedin.com/company/king-s-school-the-crown?trk=public_jobs_jserp-result_job-search-card-subtitle
78,2 weeks ago,Consultant - Beauty - Givenchy,Chalhoub Group,"Cairo, Cairo, Egypt",https://eg.linkedin.com/jobs/view/consultant-beauty-givenchy-at-chalhoub-group-3858980107?position=9&pageNum=5&refId=oS1f9qTN4XMtVC0yRLVVCA%3D%3D&trackingId=C1%2FoHULuLh4CswhpCNKfMQ%3D%3D&trk=public_jobs_jserp-result_search-card,https://ae.linkedin.com/company/chalhoubgroup?trk=public_jobs_jserp-result_job-search-card-subtitle
79,2 weeks ago,Production Controller,Shift EV,"6th of October, Al Jizah, Egypt",https://eg.linkedin.com/jobs/view/production-controller-at-shift-ev-3864620326?position=10&pageNum=5&refId=oS1f9qTN4XMtVC0yRLVVCA%3D%3D&trackingId=F6HhVmmn64dvLL938K9jRw%3D%3D&trk=public_jobs_jserp-result_search-card,https://eg.linkedin.com/company/shift-ev?trk=public_jobs_jserp-result_job-search-card-subtitle
80,1 month ago,Consultant - Fashion - Guess,Chalhoub Group,"Cairo, Cairo, Egypt",https://eg.linkedin.com/jobs/view/consultant-fashion-guess-at-chalhoub-group-3824836007?position=1&pageNum=7&refId=uqAvY6ayVY%2BkEYHwgcgJAw%3D%3D&trackingId=8BTDvgrF8bsbjhTtJKauzQ%3D%3D&trk=public_jobs_jserp-result_search-card,https://ae.linkedin.com/company/chalhoubgroup?trk=public_jobs_jserp-result_job-search-card-subtitle
81,4 weeks ago,Administration Associate- Front Desk,Chalhoub Group,"Cairo, Cairo, Egypt",https://eg.linkedin.com/jobs/view/administration-associate-front-desk-at-chalhoub-group-3832175203?position=2&pageNum=7&refId=uqAvY6ayVY%2BkEYHwgcgJAw%3D%3D&trackingId=clzAdBq4IVrk6XsG6WW7Pw%3D%3D&trk=public_jobs_jserp-result_search-card,https://ae.linkedin.com/company/chalhoubgroup?trk=public_jobs_jserp-result_job-search-card-subtitle
82,2 months ago,People & Culture Manager,Shift EV,"6th of October, Al Jizah, Egypt",https://eg.linkedin.com/jobs/view/people-culture-manager-at-shift-ev-3811161000?position=3&pageNum=7&refId=uqAvY6ayVY%2BkEYHwgcgJAw%3D%3D&trackingId=4t4qzaBKyvUNCrLhLJLEgg%3D%3D&trk=public_jobs_jserp-result_search-card,https://eg.linkedin.com/company/shift-ev?trk=public_jobs_jserp-result_job-search-card-subtitle
83,3 weeks ago,Spa Therapist - Waldorf Astoria Cairo Heliopolis,Hilton,"Qesm Heliopolis, Cairo, Egypt",https://eg.linkedin.com/jobs/view/spa-therapist-waldorf-astoria-cairo-heliopolis-at-hilton-3855392123?position=4&pageNum=7&refId=uqAvY6ayVY%2BkEYHwgcgJAw%3D%3D&trackingId=MMtSC4VQzOF%2FkZ6joxFAZg%3D%3D&trk=public_jobs_jserp-result_search-card,https://www.linkedin.com/company/hilton?trk=public_jobs_jserp-result_job-search-card-subtitle
84,1 month ago,Hotel Assistant Manager,Four Seasons Hotels and Resorts,"Cairo, Cairo, Egypt",https://eg.linkedin.com/jobs/view/hotel-assistant-manager-at-four-seasons-hotels-and-resorts-3845664083?position=5&pageNum=7&refId=uqAvY6ayVY%2BkEYHwgcgJAw%3D%3D&trackingId=pkyToW3zv9KiK1pDf4DDSQ%3D%3D&trk=public_jobs_jserp-result_search-card,https://ca.linkedin.com/company/four-seasons-hotels-and-resorts?trk=public_jobs_jserp-result_job-search-card-subtitle
85,2 weeks ago,Project Manager,Marriott International,"Cairo, Cairo, Egypt",https://eg.linkedin.com/jobs/view/project-manager-at-marriott-international-3840990884?position=6&pageNum=7&refId=uqAvY6ayVY%2BkEYHwgcgJAw%3D%3D&trackingId=E7ccOc0l7Et%2FMm2FifrVlA%3D%3D&trk=public_jobs_jserp-result_search-card,https://www.linkedin.com/company/marriott-international?trk=public_jobs_jserp-result_job-search-card-subtitle
86,2 weeks ago,Front Desk-Agent,Marriott International,"Cairo, Cairo, Egypt",https://eg.linkedin.com/jobs/view/front-desk-agent-at-marriott-international-3841302580?position=7&pageNum=7&refId=uqAvY6ayVY%2BkEYHwgcgJAw%3D%3D&trackingId=uwt56TFWeClvRxol4cTpug%3D%3D&trk=public_jobs_jserp-result_search-card,https://www.linkedin.com/company/marriott-international?trk=public_jobs_jserp-result_job-search-card-subtitle
87,2 weeks ago,Acquisition Specialist / Lead Management,Maven Success,"Cairo, Cairo, Egypt",https://eg.linkedin.com/jobs/view/acquisition-specialist-lead-management-at-maven-success-3863262913?position=8&pageNum=7&refId=uqAvY6ayVY%2BkEYHwgcgJAw%3D%3D&trackingId=tg48EbWwBplXHUDzWXwYGQ%3D%3D&trk=public_jobs_jserp-result_search-card,https://www.linkedin.com/company/maven-success?trk=public_jobs_jserp-result_job-search-card-subtitle
88,2 months ago,Junior- Mid Software Engineer,FlapKap,"Cairo, Cairo, Egypt",https://eg.linkedin.com/jobs/view/junior-mid-software-engineer-at-flapkap-3819770934?position=9&pageNum=7&refId=uqAvY6ayVY%2BkEYHwgcgJAw%3D%3D&trackingId=5C%2BARVsJauL5IdSSZqaHKQ%3D%3D&trk=public_jobs_jserp-result_search-card,https://ae.linkedin.com/company/flapkap?trk=public_jobs_jserp-result_job-search-card-subtitle
89,4 weeks ago,Accountant - Egypt,Chalhoub Group,"Cairo, Cairo, Egypt",https://eg.linkedin.com/jobs/view/accountant-egypt-at-chalhoub-group-3850568450?position=10&pageNum=7&refId=uqAvY6ayVY%2BkEYHwgcgJAw%3D%3D&trackingId=U%2BsMz0Knfq0f0wAoCgYI%2BQ%3D%3D&trk=public_jobs_jserp-result_search-card,https://ae.linkedin.com/company/chalhoubgroup?trk=public_jobs_jserp-result_job-search-card-subtitle
90,3 months ago,Senior Sales Consultant,YARDEX,"Cairo, Cairo, Egypt",https://eg.linkedin.com/jobs/view/senior-sales-consultant-at-yardex-3787918796?position=1&pageNum=10&refId=h5cdV43jYmGEzUSBczbKBw%3D%3D&trackingId=VowoQY3YSE3P2enJvBoK9g%3D%3D&trk=public_jobs_jserp-result_search-card,https://www.linkedin.com/company/yardex?trk=public_jobs_jserp-result_job-search-card-subtitle
91,1 month ago,Front-end Engineer,Rubikal,Egypt,https://eg.linkedin.com/jobs/view/front-end-engineer-at-rubikal-3837689446?position=2&pageNum=10&refId=h5cdV43jYmGEzUSBczbKBw%3D%3D&trackingId=Ho50aCkDdkt1OnebBbmsxA%3D%3D&trk=public_jobs_jserp-result_search-card,https://ae.linkedin.com/company/rubikal_llc?trk=public_jobs_jserp-result_job-search-card-subtitle
92,2 months ago,Receptionist,Allianz Partners,Egypt,https://eg.linkedin.com/jobs/view/receptionist-at-allianz-partners-3812191717?position=3&pageNum=10&refId=h5cdV43jYmGEzUSBczbKBw%3D%3D&trackingId=xmjZDrvNhd8b9WXX0qfVfQ%3D%3D&trk=public_jobs_jserp-result_search-card,https://fr.linkedin.com/company/allianz-partners?trk=public_jobs_jserp-result_job-search-card-subtitle
93,2 weeks ago,Human Resources Business Partner,Lafarge Egypt,"Cairo, Egypt",https://eg.linkedin.com/jobs/view/human-resources-business-partner-at-lafarge-egypt-3858576075?position=4&pageNum=10&refId=h5cdV43jYmGEzUSBczbKBw%3D%3D&trackingId=a1IEq60lTFpMMtTdro1wew%3D%3D&trk=public_jobs_jserp-result_search-card,https://eg.linkedin.com/company/lafargeegypt?trk=public_jobs_jserp-result_job-search-card-subtitle
94,2 months ago,Visual UI Designer,Canonical,"Cairo, Cairo, Egypt",https://eg.linkedin.com/jobs/view/visual-ui-designer-at-canonical-3804645061?position=5&pageNum=10&refId=h5cdV43jYmGEzUSBczbKBw%3D%3D&trackingId=u09ydzsf8Z5m4T%2BabAod7g%3D%3D&trk=public_jobs_jserp-result_search-card,https://uk.linkedin.com/company/canonical?trk=public_jobs_jserp-result_job-search-card-subtitle
95,2 months ago,Visual UI Designer,Canonical,"Cairo, Cairo, Egypt",https://eg.linkedin.com/jobs/view/visual-ui-designer-at-canonical-3804645068?position=6&pageNum=10&refId=h5cdV43jYmGEzUSBczbKBw%3D%3D&trackingId=3zrdwLYTyg%2BktVwwRa8%2F9g%3D%3D&trk=public_jobs_jserp-result_search-card,https://uk.linkedin.com/company/canonical?trk=public_jobs_jserp-result_job-search-card-subtitle
96,1 month ago,Teaching and Learning Assistant,King's School The Crown,"Cairo, Cairo, Egypt",https://eg.linkedin.com/jobs/view/teaching-and-learning-assistant-at-king-s-school-the-crown-3825017898?position=7&pageNum=10&refId=h5cdV43jYmGEzUSBczbKBw%3D%3D&trackingId=c7z5cMIS6Ejx1TRY2fnHQQ%3D%3D&trk=public_jobs_jserp-result_search-card,https://eg.linkedin.com/company/king-s-school-the-crown?trk=public_jobs_jserp-result_job-search-card-subtitle
97,2 weeks ago,FLS Specialist,Marriott International,"Cairo, Cairo, Egypt",https://eg.linkedin.com/jobs/view/fls-specialist-at-marriott-international-3845606811?position=8&pageNum=10&refId=h5cdV43jYmGEzUSBczbKBw%3D%3D&trackingId=uNaU4w3wCQoW8FkZ34KKHA%3D%3D&trk=public_jobs_jserp-result_search-card,https://www.linkedin.com/company/marriott-international?trk=public_jobs_jserp-result_job-search-card-subtitle
98,2 weeks ago,Commis-1st,Marriott International,"Cairo, Cairo, Egypt",https://eg.linkedin.com/jobs/view/commis-1st-at-marriott-international-3840990784?position=9&pageNum=10&refId=h5cdV43jYmGEzUSBczbKBw%3D%3D&trackingId=H0PN7nu%2FBarJjN%2FAtl4lGA%3D%3D&trk=public_jobs_jserp-result_search-card,https://www.linkedin.com/company/marriott-international?trk=public_jobs_jserp-result_job-search-card-subtitle
99,4 weeks ago,Sales Consultant - Cairo Airport Duty Free,Chalhoub Group,"Cairo, Cairo, Egypt",https://eg.linkedin.com/jobs/view/sales-consultant-cairo-airport-duty-free-at-chalhoub-group-3849551290?position=10&pageNum=10&refId=h5cdV43jYmGEzUSBczbKBw%3D%3D&trackingId=Vknmf%2FHCst1HdHXZ7mEo9g%3D%3D&trk=public_jobs_jserp-result_search-card,https://ae.linkedin.com/company/chalhoubgroup?trk=public_jobs_jserp-result_job-search-card-subtitle
